,video,Curiosity,Uncertainty,Excitement,Happiness,Surprise,Disgust,Fear,Frustration,Valence
0,80sTOYS105_2.mp4,0,0,0,1,0,0,0,0,3.3333
1,80sTOYS118_2.mp4,0,0,1,1,0,0,0,0,6.3333
2,80sTOYS127_2.mp4,0,0,0,0,0,0,0,0,2.6667
3,80sTOYS128_2.mp4,0,0,0,0,0,0,0,0,2.3333
4,80sTOYS129_2.mp4,0,0,0,1,0,0,0,0,4.6667
5,80sTOYS132_2.mp4,0,0,0,0,0,0,0,0,2.6667
6,80sTOYS134_2.mp4,0,0,1,1,0,0,0,0,6.0
7,80sTOYS24_2.mp4,0,0,1,1,0,0,0,0,5.0
8,80sTOYS2_2.mp4,1,1,1,0,1,0,0,0,5.0
9,80sTOYS30_2.mp4,1,1,0,0,0,0,0,0,2.6667
10,80sTOYS36_2.mp4,1,0,0,0,0,0,0,0,4.6667
11,80sTOYS96_2.mp4,0,1,0,0,0,0,0,0,2.6667
12,ANNOYING_ORANGE105_2.mp4,0,0,1,1,0,0,0,0,6.6667
13,ANNOYING_ORANGE119_2.mp4,0,0,0,1,0,0,0,0,4.6667
14,ANNOYING_ORANGE11_2.mp4,0,0,0,1,0,1,0,0,3.3333
15,ANNOYING_ORANGE123_2.mp4,1,0,1,1,1,0,0,0,5.6667
16,ANNOYING_ORANGE126_2.mp4,0,0,0,0,0,0,0,0,3.3333
17,ANNOYING_ORANGE155_2.mp4,0,0,0,1,0,0,0,0,5.0
18,ANNOYING_ORANGE157_2.mp4,0,0,1,1,0,0,0,0,5.3333
19,ANNOYING_ORANGE159_2.mp4,0,0,1,1,0,0,0,0,4.6667
20,ANNOYING_ORANGE162_2.mp4,0,1,1,0,0,0,0,0,2.6667
21,ANNOYING_ORANGE166_2.mp4,0,0,1,1,0,0,0,0,5.3333
22,ANNOYING_ORANGE169_2.mp4,1,0,0,1,1,0,0,0,4.3333
23,ANNOYING_ORANGE171_2.mp4,0,0,0,0,0,0,0,0,2.6667
24,ANNOYING_ORANGE172_2.mp4,0,0,0,0,0,0,0,0,3.3333
25,ANNOYING_ORANGE174_2.mp4,0,0,0,0,0,0,0,0,3.6667
26,ANNOYING_ORANGE175_2.mp4,0,0,0,1,0,0,0,0,5.3333
27,ANNOYING_ORANGE30_2.mp4,0,0,1,0,0,1,0,1,2.3333
28,ANNOYING_ORANGE39_2.mp4,0,0,0,1,0,0,0,0,5.6667
29,ANNOYING_ORANGE72_2.mp4,0,0,1,1,0,0,0,0,4.6667
30,ANNOYING_ORANGE73_2.mp4,0,0,1,0,0,0,0,0,3.6667
31,ANNOYING_ORANGE93_2.mp4,0,0,1,1,0,0,0,0,5.0
32,APPLEWATCH16_2.mp4,1,0,1,1,0,0,0,0,6.0
33,APPLEWATCH18_2.mp4,1,0,0,0,0,0,0,0,4.3333
34,APPLEWATCH19_2.mp4,1,1,0,0,0,0,0,0,2.6667
35,APPLEWATCH2_2.mp4,1,0,1,1,1,0,0,0,6.3333
36,APPLEWATCH31_2.mp4,0,0,1,1,0,0,0,0,6.0
37,APPLEWATCH4_2.mp4,1,0,1,1,0,0,0,0,6.0
38,BRUSSELSSPROUTS11_2.mp4,0,0,1,1,1,0,0,0,6.3333
39,BRUSSELSSPROUTS16_2.mp4,0,0,1,1,0,0,0,0,6.6667
40,BRUSSELSSPROUTS26_2.mp4,1,0,1,1,0,0,0,0,6.0
41,BRUSSELSSPROUTS53_2.mp4,0,1,1,1,1,0,0,0,5.3333
42,BRUSSELSSPROUTS75_2.mp4,0,0,1,1,0,0,0,0,6.3333
43,BULLYING101_2.mp4,0,0,0,1,0,0,0,0,4.6667
44,BULLYING107_2.mp4,0,0,0,0,0,0,0,0,2.6667
45,BULLYING109_2.mp4,0,0,0,0,0,1,0,1,2.0
46,BULLYING116_2.mp4,0,0,1,1,0,0,0,0,4.6667
47,BULLYING121_2.mp4,0,0,0,0,0,0,0,0,3.3333
48,BULLYING122_2.mp4,0,0,0,0,0,0,0,0,4.3333
49,BULLYING131_2.mp4,0,0,0,0,0,1,0,1,2.6667
50,BULLYING132_2.mp4,0,0,1,0,0,0,0,0,2.0
51,BULLYING133_2.mp4,0,1,0,0,0,0,0,0,3.3333
52,BULLYING142_2.mp4,0,0,0,0,0,0,0,0,3.3333
53,BULLYING144_2.mp4,0,0,0,1,0,0,0,0,4.0
54,BULLYING146_2.mp4,0,0,0,0,0,1,0,0,3.0
55,BULLYING154_2.mp4,0,0,0,0,0,0,0,0,3.0
56,BULLYING156_2.mp4,0,0,0,0,0,0,0,0,3.3333
57,BULLYING157_2.mp4,0,0,0,0,0,0,0,0,3.0
58,BULLYING161_2.mp4,0,0,0,0,0,0,0,0,3.3333
59,BULLYING16_2.mp4,0,0,0,0,1,0,1,0,2.0
60,BULLYING24_2.mp4,1,0,1,1,0,0,0,0,6.3333
61,BULLYING26_2.mp4,0,0,0,0,0,1,0,0,2.3333
62,BULLYING37_2.mp4,0,0,0,0,0,0,0,0,2.3333
63,BULLYING41_2.mp4,0,0,0,0,0,0,0,0,2.6667
64,BULLYING47_2.mp4,0,0,0,0,0,1,0,0,2.6667
65,BULLYING52_2.mp4,0,0,0,1,0,0,0,0,3.0
66,BULLYING54_2.mp4,0,0,0,0,0,0,0,0,2.0
67,BULLYING68_2.mp4,0,0,1,0,0,0,0,0,3.0
68,BULLYING69_2.mp4,0,0,0,0,0,0,0,0,3.3333
69,BULLYING71_2.mp4,0,0,0,0,0,0,0,0,3.3333
70,BULLYING75_2.mp4,0,0,1,0,0,0,0,0,3.6667
71,BULLYING77_2.mp4,0,0,0,0,0,0,0,0,2.3333
72,BULLYING78_2.mp4,0,0,0,0,0,0,0,0,3.3333
73,BULLYING79_2.mp4,0,0,1,0,0,0,0,1,3.6667
74,BULLYING83_2.mp4,0,0,0,0,0,0,0,0,3.3333
75,BULLYING98_2.mp4,0,0,0,0,0,0,0,0,3.3333
76,BULLYING99_2.mp4,0,0,0,0,0,0,0,0,3.6667
77,CAN_YOUR_PET23_2.mp4,1,1,1,1,1,0,0,0,5.6667
78,CAN_YOUR_PET26_2.mp4,1,0,0,1,1,0,0,0,5.0
79,CAN_YOUR_PET27_2.mp4,1,0,1,1,1,0,0,0,6.0
80,CAN_YOUR_PET37_2.mp4,1,1,0,0,0,0,0,0,4.3333
81,CAN_YOUR_PET46_2.mp4,0,1,0,0,0,0,0,1,2.3333
82,CAN_YOUR_PET48_2.mp4,1,1,0,0,1,0,0,1,4.0
83,CAN_YOUR_PET51_2.mp4,1,0,1,1,1,0,0,1,6.3333
84,CAN_YOUR_PET62_2.mp4,1,1,1,0,1,0,0,1,3.0
85,CAN_YOUR_PET72_2.mp4,1,0,1,1,1,0,0,0,6.0
86,CAN_YOUR_PET78_2.mp4,1,1,0,0,1,0,0,0,3.0
87,CAN_YOUR_PET80_2.mp4,0,1,1,0,1,1,1,1,1.6667
88,CAN_YOUR_PET88_2.mp4,1,1,0,0,1,1,0,0,3.6667
89,CAN_YOUR_PET92_2.mp4,1,1,0,0,1,0,1,1,2.3333
90,CAN_YOUR_PET96_2.mp4,1,1,0,0,1,1,0,0,2.6667
91,CAVIAR11_2.mp4,0,0,0,0,0,1,0,0,1.3333
92,CAVIAR64_2.mp4,0,0,0,0,0,0,0,0,3.3333
93,CAVIAR75_2.mp4,0,0,1,1,0,1,0,0,4.6667
94,CAVIAR84_2.mp4,0,0,0,0,0,1,0,0,1.6667
95,COWTONGUE102_2.mp4,0,0,0,0,0,1,0,0,2.3333
96,COWTONGUE40_2.mp4,0,1,0,0,1,1,1,0,3.3333
97,COWTONGUE44_2.mp4,0,1,0,0,0,1,1,0,1.6667
98,COWTONGUE5_2.mp4,1,1,0,0,1,1,0,0,2.3333
99,COWTONGUE69_2.mp4,0,0,0,0,1,1,0,0,1.3333
100,COWTONGUE97_2.mp4,0,0,1,1,0,0,0,0,5.0
101,DUBSTEP10_2.mp4,1,0,1,1,1,0,0,0,6.6667
102,DUBSTEP22_2.mp4,0,0,1,1,0,0,0,0,5.0
103,DUBSTEP27_2.mp4,1,0,1,1,1,0,0,0,4.6667
104,DUBSTEP40_2.mp4,1,0,1,0,1,0,0,0,5.6667
105,DUBSTEP45_2.mp4,0,0,0,0,0,0,0,0,4.0
106,DUBSTEP63_2.mp4,0,0,1,1,0,0,0,0,6.3333
107,DUBSTEP75_2.mp4,0,0,0,0,0,0,0,0,3.6667
108,DUBSTEP77_2.mp4,0,0,0,1,0,0,0,0,4.6667
109,DUBSTEP99_2.mp4,0,0,1,1,0,0,0,0,5.0
110,ESCARGOT103_2.mp4,0,0,1,0,0,1,0,0,1.6667
111,ESCARGOT104_2.mp4,0,0,1,1,0,0,0,0,6.0
112,ESCARGOT110_2.mp4,0,0,1,1,0,0,0,0,6.0
113,ESCARGOT47_2.mp4,0,0,0,0,0,1,0,0,1.3333
114,ESCARGOT76_2.mp4,0,0,1,1,0,0,0,0,4.6667
115,ESCARGOT92_2.mp4,0,0,1,0,0,0,0,0,4.3333
116,ESCARGOT98_2.mp4,1,0,1,1,1,0,0,0,6.0
117,FROGLEGS18_2.mp4,0,0,1,1,0,0,0,0,6.0
118,FROGLEGS27_2.mp4,0,0,0,0,1,1,1,0,1.3333
119,FROGLEGS28_2.mp4,0,0,0,0,0,1,1,0,2.3333
120,FROGLEGS2_2.mp4,0,1,0,0,0,0,1,0,2.3333
121,FROGLEGS32_2.mp4,0,0,0,0,0,1,0,0,2.6667
122,FROGLEGS57_2.mp4,0,0,1,1,0,0,0,0,6.3333
123,FROGLEGS60_2.mp4,1,0,1,1,0,0,0,0,4.6667
124,FROGLEGS61_2.mp4,0,0,1,1,0,0,0,0,6.6667
125,FROGLEGS63_2.mp4,0,0,0,0,1,1,0,0,1.3333
126,FROGLEGS87_2.mp4,0,0,0,1,1,1,0,0,3.6667
127,FROGLEGS94_2.mp4,0,0,1,1,0,0,0,0,6.3333
128,GAMEBOY15_2.mp4,0,0,1,0,0,0,0,0,4.6667
129,GAMEBOY19_2.mp4,0,0,0,0,0,0,0,0,4.0
130,GAMEBOY29_2.mp4,1,0,0,0,0,0,0,0,4.0
131,Gay_Marriage113_2.mp4,0,0,0,0,0,0,0,0,3.3333
132,Gay_Marriage119_2.mp4,1,0,0,1,0,0,0,0,4.6667
133,Gay_Marriage11_2.mp4,0,0,1,1,1,0,0,0,6.0
134,Gay_Marriage143_2.mp4,0,0,0,0,0,1,0,0,1.6667
135,Gay_Marriage148_2.mp4,0,0,1,0,0,0,0,0,4.0
136,Gay_Marriage155_2.mp4,0,0,1,1,0,0,0,0,5.0
137,Gay_Marriage156_2.mp4,0,0,0,0,0,0,0,0,3.6667
138,Gay_Marriage174_2.mp4,0,0,1,1,0,0,0,0,4.3333
139,Gay_Marriage193_2.mp4,0,0,0,0,0,0,0,0,3.0
140,Gay_Marriage201_2.mp4,0,0,1,0,0,1,0,0,2.6667
141,Gay_Marriage202_2.mp4,0,0,0,0,0,0,0,0,3.0
142,Gay_Marriage204_2.mp4,0,0,0,0,0,0,0,0,2.6667
143,Gay_Marriage217_2.mp4,0,0,0,1,0,0,0,0,5.0
144,Gay_Marriage220_2.mp4,1,0,0,0,0,0,0,0,3.3333
145,Gay_Marriage224_2.mp4,0,0,0,0,0,0,0,0,4.0
146,Gay_Marriage225_2.mp4,0,0,1,1,0,0,0,0,5.6667
147,Gay_Marriage239_2.mp4,0,0,0,0,0,0,0,0,3.3333
148,Gay_Marriage240_2.mp4,0,0,0,0,0,0,0,0,4.0
149,Gay_Marriage243_2.mp4,0,0,0,0,0,0,0,0,2.0
150,Gay_Marriage254_2.mp4,0,0,0,0,0,0,0,0,3.6667
151,Gay_Marriage267_2.mp4,0,0,0,0,0,0,0,0,2.3333
152,Gay_Marriage26_2.mp4,1,1,0,0,0,0,0,0,3.6667
153,Gay_Marriage276_2.mp4,0,0,0,0,0,0,0,0,5.6667
154,Gay_Marriage277_2.mp4,0,0,1,1,0,0,0,0,5.0
155,Gay_Marriage279_2.mp4,0,0,0,0,0,0,0,0,3.6667
156,Gay_Marriage287_2.mp4,0,0,0,1,0,0,0,0,2.6667
157,Gay_Marriage295_2.mp4,0,0,1,1,0,0,0,0,6.6667
158,Gay_Marriage296_2.mp4,0,0,1,1,0,0,0,0,5.0
159,Gay_Marriage304_2.mp4,0,0,0,1,0,0,0,0,5.0
160,Gay_Marriage326_2.mp4,0,0,1,1,0,0,0,1,3.6667
161,Gay_Marriage331_2.mp4,0,0,0,0,0,0,0,0,3.0
162,Gay_Marriage333_2.mp4,0,0,1,0,0,0,0,0,4.0
163,Gay_Marriage35_2.mp4,0,0,1,1,0,0,0,0,6.3333
164,Gay_Marriage36_2.mp4,0,0,1,1,0,0,0,0,6.6667
165,Gay_Marriage44_2.mp4,0,0,0,1,0,0,0,0,3.6667
166,Gay_Marriage52_2.mp4,0,0,0,1,0,0,0,0,5.6667
167,Gay_Marriage55_2.mp4,0,0,1,1,0,0,0,0,5.6667
168,Gay_Marriage6_2.mp4,1,0,1,1,0,0,0,0,5.0
169,Gay_Marriage74_2.mp4,0,0,0,0,0,0,0,0,4.0
170,Gay_Marriage88_2.mp4,0,1,0,0,0,0,0,0,3.6667
171,Gay_Marriage89_2.mp4,0,1,0,1,0,0,0,0,4.3333
172,Gay_Marriage92_2.mp4,0,0,0,0,0,0,0,0,3.6667
173,Gay_Marriage9_2.mp4,1,0,0,0,0,0,0,0,3.3333
174,HARLEMSHAKE110_2.mp4,0,0,0,1,0,0,0,0,5.0
175,HARLEMSHAKE119_2.mp4,0,0,0,0,0,0,0,0,3.3333
176,HARLEMSHAKE123_2.mp4,0,0,0,0,0,0,0,0,2.6667
177,HARLEMSHAKE136_2.mp4,0,0,0,1,0,0,0,0,5.3333
178,HARLEMSHAKE140_2.mp4,0,0,1,1,0,0,0,1,3.3333
179,HARLEMSHAKE15_2.mp4,0,0,1,1,1,0,0,0,6.3333
180,HARLEMSHAKE33_2.mp4,1,0,1,0,1,0,0,0,4.0
181,HARLEMSHAKE35_2.mp4,0,0,1,1,0,0,0,0,6.6667
182,HARLEMSHAKE65_2.mp4,0,0,1,1,0,0,0,0,5.6667
183,HARLEMSHAKE8_2.mp4,1,0,0,1,1,0,0,0,4.3333
184,HARLEMSHAKE90_2.mp4,0,0,1,1,0,0,0,0,6.0
185,HARLEMSHAKE98_2.mp4,0,0,1,1,1,0,0,0,5.0
186,KIMCHI50_2.mp4,0,0,1,1,1,0,0,0,5.3333
187,KIMCHI52_2.mp4,0,0,1,1,0,0,0,0,6.0
188,KIMCHI65_2.mp4,0,0,0,0,0,0,0,0,4.0
189,KIMCHI70_2.mp4,0,0,1,1,0,0,0,0,5.6667
190,KIMCHI72_2.mp4,0,0,0,1,1,0,0,0,4.6667
191,MAKEUP_APPS112_2.mp4,1,0,1,1,0,0,0,0,5.6667
192,MAKEUP_APPS114_2.mp4,1,0,0,1,0,0,0,0,5.3333
193,MAKEUP_APPS116_2.mp4,1,1,1,1,1,0,0,0,4.6667
194,MAKEUP_APPS11_2.mp4,1,0,0,1,0,0,0,0,5.0
195,MAKEUP_APPS187_2.mp4,1,1,1,0,1,0,0,0,4.6667
196,MAKEUP_APPS25_2.mp4,0,1,0,0,0,1,0,1,3.0
197,MAKEUP_APPS41_2.mp4,1,0,1,1,0,0,0,0,5.6667
198,MAKEUP_APPS43_2.mp4,1,1,0,0,0,0,0,0,4.3333
199,MAKEUP_APPS53_2.mp4,1,0,0,0,0,0,0,0,4.3333
200,MAKEUP_APPS58_2.mp4,1,0,0,1,0,0,0,0,5.3333
201,MAKEUP_APPS76_2.mp4,0,0,0,0,0,0,0,0,4.3333
202,MAKEUP_APPS88_2.mp4,1,1,0,0,0,0,0,0,4.0
203,MAKEUP_APPS95_2.mp4,1,1,1,1,1,0,0,0,6.0
204,MINECRAFT108_2.mp4,0,1,0,1,0,0,0,0,4.6667
205,MINECRAFT114_2.mp4,0,0,1,1,0,0,0,0,6.6667
206,MINECRAFT123_2.mp4,0,0,1,1,0,0,0,0,5.3333
207,MINECRAFT130_2.mp4,0,0,1,1,0,0,0,0,6.3333
208,MINECRAFT131_2.mp4,0,0,1,1,0,0,0,1,5.3333
209,MINECRAFT16_2.mp4,1,1,1,0,1,0,0,0,3.3333
210,MINECRAFT25_2.mp4,0,0,1,1,1,0,0,0,6.6667
211,MINECRAFT35_2.mp4,1,1,0,1,1,0,0,0,5.6667
212,MINECRAFT41_2.mp4,1,1,0,1,0,0,0,0,3.6667
213,MINECRAFT43_2.mp4,0,0,1,1,0,0,0,0,5.6667
214,MINECRAFT48_2.mp4,0,0,1,1,0,0,0,0,5.3333
215,MINECRAFT54_2.mp4,0,0,1,1,0,0,0,0,5.6667
216,MINECRAFT6_2.mp4,1,0,0,1,0,0,0,0,4.3333
217,MINECRAFT72_2.mp4,1,1,0,1,0,0,0,0,5.3333
218,MINECRAFT76_2.mp4,1,0,1,0,0,0,0,0,4.6667
219,MINECRAFT79_2.mp4,1,0,0,1,1,0,0,0,5.6667
220,MINECRAFT7_2.mp4,1,1,1,1,1,0,0,1,6.0
221,NYAN_CAT110_2.mp4,0,0,0,1,0,0,0,0,4.3333
222,NYAN_CAT111_2.mp4,0,0,0,1,0,0,0,0,4.0
223,NYAN_CAT45_2.mp4,1,0,1,1,0,0,0,0,6.0
224,NYAN_CAT47_2.mp4,1,0,1,1,0,0,0,0,6.0
225,NYAN_CAT4_2.mp4,1,1,1,1,1,0,0,0,5.6667
226,NYAN_CAT60_2.mp4,0,1,0,0,0,0,0,0,3.6667
227,NYAN_CAT78_2.mp4,1,0,0,1,1,0,0,0,4.3333
228,NYAN_CAT79_2.mp4,0,0,0,1,1,0,0,0,5.6667
229,NYAN_CAT87_2.mp4,0,0,0,1,0,0,0,0,4.6667
230,NYAN_CAT94_2.mp4,1,1,0,0,0,0,0,1,3.0
231,OLDCAMERAS12_2.mp4,1,0,0,0,0,0,0,0,4.0
232,OLDCAMERAS33_2.mp4,0,0,0,0,0,0,0,1,3.0
233,OLDCAMERAS47_2.mp4,0,0,1,0,0,0,0,0,3.3333
234,OLDCAMERAS60_2.mp4,0,0,0,0,0,0,0,0,4.0
235,OLDCOMPUTERS103_2.mp4,1,0,0,1,0,0,0,0,5.3333
236,OLDCOMPUTERS128_2.mp4,1,0,0,1,0,0,0,0,4.6667
237,OLDCOMPUTERS14_2.mp4,1,0,0,0,1,0,0,0,3.3333
238,OLDCOMPUTERS40_2.mp4,0,0,0,0,0,0,0,1,2.0
239,OLDCOMPUTERS51_2.mp4,1,0,0,0,0,0,0,0,3.6667
240,OLDCOMPUTERS85_2.mp4,0,0,0,0,1,0,0,0,3.6667
241,PIZZATOPPINGS110_2.mp4,1,0,0,0,0,1,0,0,1.3333
242,PIZZATOPPINGS112_2.mp4,0,0,0,0,1,1,0,0,2.0
243,PIZZATOPPINGS146_2.mp4,0,0,1,1,0,0,0,0,5.6667
244,PIZZATOPPINGS36_2.mp4,0,0,1,1,0,0,0,0,5.6667
245,REBECCA14_2.mp4,0,1,0,1,0,0,0,1,3.0
246,REBECCA17_2.mp4,1,1,1,1,1,0,0,0,4.3333
247,REBECCA21_2.mp4,0,0,0,0,0,1,0,1,2.6667
248,REBECCA33_2.mp4,0,0,0,0,0,0,0,0,4.0
249,REBECCA40_2.mp4,0,0,0,1,0,1,0,0,3.6667
250,REBECCA41_2.mp4,0,0,0,1,0,1,0,1,3.3333
251,REBECCA50_2.mp4,1,1,0,0,0,0,0,0,2.6667
252,REBECCA57_2.mp4,0,1,0,0,0,0,0,0,3.6667
253,REBECCA66_2.mp4,0,0,0,1,0,0,0,0,4.0
254,REBECCA68_2.mp4,0,0,0,1,0,0,0,1,4.6667
255,REBECCA70_2.mp4,0,1,1,0,0,0,0,0,3.3333
256,REBECCA77_2.mp4,0,0,0,1,0,0,0,0,5.0
257,REBECCA78_2.mp4,0,1,0,0,0,0,0,0,3.3333
258,REBECCA79_2.mp4,0,1,0,1,0,0,0,0,4.3333
259,REBECCA80_2.mp4,0,1,1,0,0,0,0,0,2.6667
260,REBECCA85_2.mp4,0,0,0,1,0,0,0,1,4.0
261,REBECCA86_2.mp4,0,0,0,0,0,0,0,0,3.3333
262,REBECCA89_2.mp4,0,1,0,0,0,0,0,0,4.0
263,REBECCA90_2.mp4,0,0,0,1,0,0,0,0,3.6667
264,ROTARYPHONES14_2.mp4,0,0,0,0,0,0,0,0,3.6667
265,ROTARYPHONES19_2.mp4,0,0,0,1,0,0,0,0,5.0
266,ROTARYPHONES21_2.mp4,0,0,0,0,0,0,0,0,4.0
267,ROTARYPHONES22_2.mp4,0,0,0,0,0,0,0,1,2.3333
268,ROTARYPHONES23_2.mp4,0,0,0,0,0,0,0,0,4.0
269,ROTARYPHONES27_2.mp4,1,0,1,1,0,0,0,0,5.6667
270,ROTARYPHONES34_2.mp4,0,0,1,1,0,0,0,0,5.0
271,ROTARYPHONES3_2.mp4,1,0,0,0,1,0,0,0,3.0
272,ROTARYPHONES5_2.mp4,1,0,1,0,1,0,0,0,2.3333
273,SKIPIT111_2.mp4,0,0,0,0,0,0,0,0,4.0
274,SKIPIT116_2.mp4,0,0,1,1,0,0,0,0,5.6667
275,SKIPIT124_2.mp4,0,0,0,0,0,0,0,0,4.0
276,SKIPIT134_2.mp4,0,0,0,1,0,0,0,0,5.6667
277,SKIPIT15_2.mp4,0,1,1,1,1,0,0,0,5.3333
278,SKIPIT19_2.mp4,1,0,0,0,0,0,0,0,3.6667
279,SKIPIT28_2.mp4,1,0,1,1,1,0,0,0,6.0
280,SKIPIT48_2.mp4,1,1,0,1,0,0,0,0,5.6667
281,SKIPIT4_2.mp4,1,1,1,1,1,0,0,0,5.0
282,SKIPIT64_2.mp4,0,0,1,1,0,0,0,0,6.0
283,SKIPIT65_2.mp4,0,0,0,1,0,0,0,0,5.0
284,SKIPIT66_2.mp4,0,1,0,1,0,0,0,0,4.0
285,SKIPIT70_2.mp4,0,0,0,1,0,0,0,0,5.3333
286,SKIPIT83_2.mp4,1,0,1,1,0,0,0,0,6.0
287,SKIPIT84_2.mp4,0,0,0,1,0,0,0,0,5.3333
288,SKIPIT92_2.mp4,0,0,1,1,0,0,0,0,5.6667
289,SPAM75_2.mp4,1,1,0,1,1,1,0,0,3.6667
290,SQUID106_2.mp4,0,0,0,0,0,0,0,0,3.3333
291,SQUID31_2.mp4,1,0,0,0,0,0,0,0,4.0
292,SQUID3_2.mp4,1,1,0,0,1,1,1,0,1.6667
293,SQUID82_2.mp4,0,1,0,0,1,1,0,0,1.6667
294,SQUID87_2.mp4,1,1,0,0,1,1,0,0,2.3333
295,SQUID93_2.mp4,0,1,0,0,0,0,0,0,4.3333
296,SUSHI100_2.mp4,0,0,0,0,1,1,0,1,2.3333
297,SUSHI101_2.mp4,1,1,0,0,1,1,1,0,1.6667
298,SUSHI103_2.mp4,1,0,0,1,1,0,0,0,5.6667
299,SUSHI10_2.mp4,1,1,0,0,0,0,0,0,4.3333
300,SUSHI125_2.mp4,1,1,0,0,1,1,1,0,1.6667
301,SUSHI14_2.mp4,0,1,0,1,1,1,0,0,3.6667
302,SUSHI28_2.mp4,1,0,0,0,0,0,0,0,4.0
303,SUSHI2_2.mp4,0,1,0,0,1,1,0,0,2.6667
304,SUSHI34_2.mp4,1,1,0,1,1,0,0,0,4.0
305,SUSHI39_2.mp4,0,1,0,0,0,1,0,0,1.3333
306,SUSHI41_2.mp4,0,0,0,1,0,0,0,1,4.3333
307,SUSHI73_2.mp4,0,1,0,0,0,1,0,0,1.6667
308,SUSHI79_2.mp4,1,1,0,0,0,1,0,0,2.0
309,SUSHI92_2.mp4,0,1,0,0,0,1,1,0,1.6667
310,SWING_COPTERS104_2.mp4,1,0,1,1,0,0,0,0,6.3333
311,SWING_COPTERS105_2.mp4,0,0,0,0,0,0,0,1,1.6667
312,SWING_COPTERS114_2.mp4,0,0,1,1,0,0,0,0,6.0
313,SWING_COPTERS11_2.mp4,1,1,0,0,1,0,0,1,4.0
314,SWING_COPTERS122_2.mp4,0,1,0,0,1,0,0,1,3.3333
315,SWING_COPTERS124_2.mp4,0,1,0,0,1,0,0,1,3.3333
316,SWING_COPTERS130_2.mp4,0,0,0,0,1,0,0,1,3.3333
317,SWING_COPTERS132_2.mp4,0,0,1,1,1,0,0,0,5.6667
318,SWING_COPTERS134_2.mp4,0,0,1,1,1,0,0,1,6.6667
319,SWING_COPTERS158_2.mp4,0,0,0,0,0,0,0,1,2.6667
320,SWING_COPTERS15_2.mp4,1,1,1,1,0,0,0,1,4.3333
321,SWING_COPTERS162_2.mp4,0,0,0,1,1,0,0,1,2.3333
322,SWING_COPTERS164_2.mp4,0,0,1,1,1,0,0,0,6.6667
323,SWING_COPTERS178_2.mp4,1,1,1,1,0,0,0,0,6.0
324,SWING_COPTERS180_2.mp4,1,0,1,1,0,0,0,0,6.0
325,SWING_COPTERS182_2.mp4,1,1,0,1,0,0,0,0,5.0
326,SWING_COPTERS184_2.mp4,0,0,1,1,1,0,0,0,6.6667
327,SWING_COPTERS188_2.mp4,0,0,0,1,0,0,0,1,5.0
328,SWING_COPTERS54_2.mp4,0,0,0,0,0,0,0,1,2.0
329,SWING_COPTERS56_2.mp4,0,0,0,0,1,0,0,1,2.3333
330,SWING_COPTERS62_2.mp4,0,0,1,0,0,0,0,1,1.6667
331,SWING_COPTERS64_2.mp4,0,0,0,0,0,1,0,1,1.3333
332,SWING_COPTERS6_2.mp4,1,1,0,0,1,0,0,1,2.3333
333,SWING_COPTERS8_2.mp4,0,0,0,1,1,0,0,1,4.0
334,SWING_COPTERS92_2.mp4,0,0,1,1,1,0,0,1,6.3333
335,SWING_COPTERS97_2.mp4,0,0,1,1,0,0,0,1,6.0
336,TOFU18_2.mp4,1,1,0,0,0,0,0,0,3.6667
337,TOFU35_2.mp4,1,1,0,1,1,0,1,0,4.6667
338,TOFU39_2.mp4,1,1,0,0,1,1,0,0,2.0
339,TOFU41_2.mp4,1,1,0,0,1,1,0,0,3.0
340,TOFU54_2.mp4,1,1,0,0,1,0,0,0,4.0
341,TOFU56_2.mp4,1,0,0,0,0,0,0,0,4.3333
342,TOFU69_2.mp4,1,1,1,1,0,0,0,0,5.0
343,TOFU85_2.mp4,0,1,0,1,0,1,0,0,3.6667
344,TOILET19_2.mp4,0,0,0,1,0,0,0,0,6.0
345,TOILET29_2.mp4,0,1,0,1,0,0,0,0,6.0
346,TOILET2_2.mp4,0,1,0,1,1,0,0,0,6.0
347,TOILET34_2.mp4,1,1,1,1,0,0,0,0,6.0
348,TOILET37_2.mp4,0,1,0,1,0,0,0,0,4.6667
349,TOILET62_2.mp4,0,0,0,0,1,0,0,0,3.3333
350,TOILET67_2.mp4,1,0,0,1,1,0,0,0,5.0
351,TOILET74_2.mp4,0,0,1,1,0,0,0,0,6.6667
352,TOILET77_2.mp4,0,0,0,1,0,0,0,0,5.0
353,TOILET79_2.mp4,0,0,0,1,0,0,0,0,6.0
354,TOILET88_2.mp4,0,0,1,1,0,1,0,0,6.0
355,TYPEWRITERS15_2.mp4,0,0,0,1,0,0,0,0,4.6667
356,TYPEWRITERS18_2.mp4,0,1,0,0,0,0,0,0,4.0
357,TYPEWRITERS19_2.mp4,1,1,0,0,0,0,0,0,3.6667
358,TYPEWRITERS24_2.mp4,1,1,0,1,0,0,0,0,5.6667
359,TYPEWRITERS2_2.mp4,1,1,0,0,0,0,0,0,4.0
360,TYPEWRITERS31_2.mp4,0,1,0,0,1,0,0,0,3.3333
361,TYPEWRITERS34_2.mp4,1,1,0,0,0,0,0,0,4.3333
362,TYPEWRITERS37_2.mp4,0,1,0,0,1,0,0,0,3.3333
363,TYPEWRITERS39_2.mp4,1,1,1,1,1,0,0,0,4.6667
364,TYPEWRITERS6_2.mp4,1,1,0,0,1,0,0,0,2.6667
365,VCR100_2.mp4,0,0,0,1,0,0,0,0,4.0
366,VCR105_2.mp4,0,0,1,1,0,0,0,0,6.0
367,VCR106_2.mp4,1,0,0,1,0,0,0,0,5.6667
368,VCR114_2.mp4,0,0,0,0,0,0,0,0,3.6667
369,VCR119_2.mp4,0,0,0,1,0,0,0,0,5.6667
370,VCR121_2.mp4,0,0,1,1,0,0,0,0,5.6667
371,VCR122_2.mp4,0,0,0,1,0,0,0,0,5.0
372,VCR123_2.mp4,0,0,0,0,0,0,0,0,3.6667
373,VCR126_2.mp4,0,0,0,1,0,0,0,0,5.0
374,VCR128_2.mp4,0,0,0,1,0,0,0,0,5.3333
375,VCR22_2.mp4,0,1,0,1,1,0,0,1,2.6667
376,VCR2_2.mp4,1,1,0,0,1,0,0,0,4.0
377,VCR44_2.mp4,0,0,0,1,0,0,0,0,6.0
378,VCR49_2.mp4,1,1,0,0,1,0,0,1,3.6667
379,VCR4_2.mp4,1,1,0,0,0,0,0,0,4.0
380,VCR54_2.mp4,0,1,0,0,1,0,0,0,2.3333
381,VCR57_2.mp4,0,1,0,1,0,0,0,0,5.0
382,VCR65_2.mp4,1,1,0,1,0,0,0,0,5.3333
383,VCR71_2.mp4,0,1,0,0,0,0,0,0,4.3333
384,VCR77_2.mp4,0,1,0,1,1,0,0,0,5.0
385,VCR98_2.mp4,0,0,0,0,0,0,0,0,4.0
386,VEGEMITE20_2.mp4,1,1,0,1,1,1,0,0,2.3333
387,VEGEMITE28_2.mp4,1,0,1,1,1,0,0,0,6.6667
388,VEGEMITE53_2.mp4,0,0,0,0,0,1,0,0,1.6667
389,VEGEMITE62_2.mp4,0,0,0,0,0,1,1,0,1.6667
390,VEGEMITE66_2.mp4,0,1,0,0,0,1,0,0,2.0
391,VEGEMITE69_2.mp4,0,0,0,0,0,1,0,0,3.0
392,VEGEMITE74_2.mp4,0,1,0,1,0,1,0,0,3.3333
393,VEGEMITE75_2.mp4,1,1,1,1,1,0,0,0,4.6667
394,VEGEMITE77_2.mp4,1,1,0,1,0,0,0,0,5.0
395,VEGEMITE96_2.mp4,0,0,0,0,1,1,1,1,1.3333
396,WALKMANS104_2.mp4,1,0,1,1,0,0,0,0,6.3333
397,WALKMANS109_2.mp4,1,1,0,0,1,0,0,0,4.3333
398,WALKMANS12_2.mp4,1,1,0,0,0,0,0,1,3.0
399,WALKMANS21_2.mp4,1,1,0,1,1,0,0,0,5.0
400,WALKMANS28_2.mp4,1,1,0,1,0,0,0,1,5.6667
401,WALKMANS30_2.mp4,1,1,1,1,1,0,0,0,5.6667
402,WALKMANS4_2.mp4,1,1,0,1,1,0,1,0,3.6667
403,WALKMANS56_2.mp4,1,1,0,1,0,0,0,1,3.0
404,WALKMANS58_2.mp4,1,1,0,0,0,0,0,0,4.3333
405,WALKMANS60_2.mp4,1,1,0,0,0,0,0,0,3.6667
406,WALKMANS61_2.mp4,1,1,0,1,0,0,0,0,6.0
407,WALKMANS69_2.mp4,1,0,0,1,0,0,0,0,4.6667
408,WALKMANS80_2.mp4,1,1,1,1,1,0,1,0,4.3333
409,WALKMANS81_2.mp4,0,0,0,0,0,0,0,1,2.6667
410,WALKMANS83_2.mp4,0,0,0,1,1,0,0,0,4.6667
411,WALKMANS89_2.mp4,1,1,0,1,0,0,0,0,5.6667
412,WALKMANS94_2.mp4,0,1,0,0,1,0,0,0,3.0
413,WALKMANS97_2.mp4,0,0,0,0,0,0,0,0,4.3333
414,WHEATGRASS86_2.mp4,0,0,0,0,0,1,0,0,3.3333
415,iPOD114_2.mp4,1,1,0,0,0,0,0,0,4.0
416,iPOD116_2.mp4,0,0,1,1,1,0,0,0,6.0
417,iPOD117_2.mp4,1,0,0,1,0,0,0,0,5.0
418,iPOD119_2.mp4,0,1,0,0,0,0,0,0,3.6667
419,iPOD120_2.mp4,1,1,0,1,0,0,0,0,5.0
420,iPOD13_2.mp4,1,0,1,1,1,0,0,0,6.3333
421,iPOD21_2.mp4,1,0,0,1,0,0,0,0,4.6667
422,iPOD32_2.mp4,1,1,0,0,0,0,0,1,4.0
423,iPOD3_2.mp4,1,0,1,1,1,0,0,0,6.0
424,iPOD47_2.mp4,1,1,0,1,0,0,0,0,5.3333
425,iPOD49_2.mp4,1,1,1,1,1,0,0,0,5.6667
426,iPOD58_2.mp4,0,1,0,0,0,1,0,1,2.3333
427,iPOD63_2.mp4,1,1,0,1,1,0,0,0,4.6667
428,iPOD69_2.mp4,1,0,1,1,1,0,0,0,5.6667
429,iPOD92_2.mp4,1,1,0,1,0,0,0,0,5.3333
430,iPOD94_2.mp4,1,1,0,0,0,0,0,0,4.3333
431,iPOD9_2.mp4,1,1,0,1,1,0,0,0,5.3333
